departement,date,dateLimiteDepot
75,2022-01-06,2021-12-02
75,2022-02-03,2022-01-04
75,2022-03-03,2022-02-02
75,2022-04-07,2022-03-02
75,2022-05-05,2022-04-05
75,2022-06-02,2022-05-03
75,2022-07-07,2022-06-03
75,2022-09-15,2022-08-03
75,2022-10-06,2022-09-06
75,2022-11-03,2022-10-04
75,2022-12-01,2022-11-04
92,2022-01-05,2021-12-02
92,2022-02-02,2022-01-03
92,2022-03-02,2022-02-02
92,2022-04-06,2022-03-02
92,2022-05-04,2022-04-04
92,2022-06-01,2022-05-02
92,2022-07-06,2022-06-04
92,2022-09-12,2022-08-02
92,2022-10-05,2022-09-03
92,2022-11-02,2022-10-03
92,2022-12-07,2022-11-03
75,2022-01-13,2021-12-01
75,2022-02-03,2022-04-01
75,2022-03-03,2022-02-02
75,2022-04-07,2022-03-02
75,2022-05-05,2022-04-05
75,2022-06-09,2022-05-03
75,2022-07-07,2022-06-03
75,2022-09-15,2022-08-03
75,2022-10-06,2022-09-06
75,2022-11-03,2022-10-04
75,2022-12-01,2022-11-04
77,2022-01-13,2021-12-01
77,2022-02-03,2022-04-01
77,2022-03-03,2022-02-02
77,2022-04-07,2022-03-02
77,2022-05-05,2022-04-05
77,2022-06-09,2022-05-03
77,2022-07-07,2022-06-03
77,2022-09-15,2022-08-03
77,2022-10-06,2022-09-06
77,2022-11-03,2022-10-04
77,2022-12-01,2022-11-04
78,2022-01-13,2021-12-01
78,2022-02-03,2022-04-01
78,2022-03-03,2022-02-02
78,2022-04-07,2022-03-02
78,2022-05-05,2022-04-05
78,2022-06-09,2022-05-03
78,2022-07-07,2022-06-03
78,2022-09-15,2022-08-03
78,2022-10-06,2022-09-06
78,2022-11-03,2022-10-04
78,2022-12-01,2022-11-04
93,2022-01-13,2021-12-01
93,2022-02-03,2022-04-01
93,2022-03-03,2022-02-02
93,2022-04-07,2022-03-02
93,2022-05-05,2022-04-05
93,2022-06-09,2022-05-03
93,2022-07-07,2022-06-03
93,2022-09-15,2022-08-03
93,2022-10-06,2022-09-06
93,2022-11-03,2022-10-04
93,2022-12-01,2022-11-04
91,2022-01-13,2021-12-01
91,2022-02-03,2022-04-01
91,2022-03-03,2022-02-02
91,2022-04-07,2022-03-02
91,2022-05-05,2022-04-05
91,2022-06-09,2022-05-03
91,2022-07-07,2022-06-03
91,2022-09-15,2022-08-03
91,2022-10-06,2022-09-06
91,2022-11-03,2022-10-04
91,2022-12-01,2022-11-04
94,2022-01-13,2021-12-01
94,2022-02-03,2022-04-01
94,2022-03-03,2022-02-02
94,2022-04-07,2022-03-02
94,2022-05-05,2022-04-05
94,2022-06-09,2022-05-03
94,2022-07-07,2022-06-03
94,2022-09-15,2022-08-03
94,2022-10-06,2022-09-06
94,2022-11-03,2022-10-04
94,2022-12-01,2022-11-04
95,2022-01-13,2021-12-01
95,2022-02-03,2022-04-01
95,2022-03-03,2022-02-02
95,2022-04-07,2022-03-02
95,2022-05-05,2022-04-05
95,2022-06-09,2022-05-03
95,2022-07-07,2022-06-03
95,2022-09-15,2022-08-03
95,2022-10-06,2022-09-06
95,2022-11-03,2022-10-04
95,2022-12-01,2022-11-04
92,2022-01-10,2021-12-02
92,2022-02-01,2022-01-03
92,2022-03-01,2022-02-02
92,2022-04-04,2022-03-02
92,2022-05-02,2022-04-04
92,2022-06-07,2022-05-02
92,2022-07-04,2022-06-04
92,2022-09-12,2022-08-02
92,2022-10-03,2022-09-03
92,2022-11-07,2022-10-03
92,2022-12-05,2022-11-03